,node.display_url,node.edge_media_to_caption.edges,node.owner.full_name,node.location.name,node.location.slug,hashtags,Likes,Date ,Datetime
57,https://instagram.fsin5-1.fna.fbcdn.net/v/t51.2885-15/e35/p1080x1080/273516728_996567744280357_1091450650039071617_n.jpg?_nc_ht=instagram.fsin5-1.fna.fbcdn.net&_nc_cat=101&_nc_ohc=0UubEzYAj4AAX9It9Nb&edm=AAuNW_gBAAAA&ccb=7-4&oh=00_AT9elKaFj6yI9o6P360z-mYEcycUKw_mUOk0ltTpkNSIWg&oe=620C83FF&_nc_sid=498da5,"Let us bring you behind the scenes and show you what happens when we prepare our Beef Sukiyaki Short Plate Don! All our dons are freshly prepared upon order to ensure that every bowl has the same consistency and taste! ü§§ü§§ü§§\n\nStep 1: We will place our short plate into our sukiyaki base to cook, whilst the chef prepares the soften onions on the pan!\n\nStep 2: Once the sukiyaki beef is cooked to perfection we mix the onions together to create a mixture of sweet and soft textures and flavours. \n\nStep 3: We will first start with overlaying the rice with the beef and onions.\n\nStep 4: Last but not least before serving, we will crack one Onsen egg over the bowl to give the bowl a creamy and silky texture to the don! We will drizzle the dons with our homemade sauce followed by garnishing with furikake and freshly chopped Green onions!\n\nAt F√∫kudon, we take pride in providing a hearty and well prepared don while not losing out on quality and taste! Just like home cooked food, it will leave your tummies and hearts satisfied! Come down to any of our stores to try our Beef Sukiyaki Short Plate Don now! ü•≥ü•≥ü•≥",Fukudon | Donburi Specialist,Fukudon,fukudon,,29,7/2/2022,7/2/2022 15:20
56,https://instagram.fsin5-1.fna.fbcdn.net/v/t51.2885-15/e35/273186294_1217023118829865_7320187848475939203_n.jpg?_nc_ht=instagram.fsin5-1.fna.fbcdn.net&_nc_cat=101&_nc_ohc=BDpvxNqZi1kAX9-6bGQ&edm=AAuNW_gBAAAA&ccb=7-4&oh=00_AT_FTULMfd2qIHB0SVeLEsQj4L1XltVmy53nETbzBeuOsg&oe=620CABB6&_nc_sid=498da5,"üêØÊñ∞Âπ¥Âø´‰πê ÊÅ≠ÂñúÂèëË¥¢üçä\n\nFrom all of us at F√∫kudon, we wish you a prosperous and roarsome year ahead! üßß",Fukudon | Donburi Specialist,,,,16,3/2/2022,3/2/2022 11:24
55,https://instagram.fsin5-1.fna.fbcdn.net/v/t51.2885-15/e35/s1080x1080/272846471_378833060673819_204398184365313815_n.jpg?_nc_ht=instagram.fsin5-1.fna.fbcdn.net&_nc_cat=103&_nc_ohc=YHPjojMLu-oAX_1Ki45&edm=AAuNW_gBAAAA&ccb=7-4&oh=00_AT8mOlrC2McYKBPZ4OzOq4fgs62pSgKrGLEtc6iJXTpWrg&oe=620DA260&_nc_sid=498da5,We‚Äôve heard you! We are pleased to finally announce that both our F√∫kudon stores are on GrabFood! ü•≥ü•≥\n\nSatisfy your cravings in the comfort of your own home. Order with us now via GrabFood! üì¶üõµ,Fukudon | Donburi Specialist,Fukudon,fukudon,,18,28/1/2022,28/1/2022 18:04
54,https://instagram.fsin5-1.fna.fbcdn.net/v/t51.2885-15/e35/s1080x1080/272710809_970073423602217_2652001124162139438_n.jpg?_nc_ht=instagram.fsin5-1.fna.fbcdn.net&_nc_cat=105&_nc_ohc=re3lCe-dRhIAX_PyhMX&edm=AAuNW_gBAAAA&ccb=7-4&oh=00_AT_GDkE3KgmZN5Qq7G17t_XcScOQpiYsNvji1zrQYaJTfQ&oe=620D2E32&_nc_sid=498da5,"üêØüßß Let us usher in a Roarsome Lunar New Year this year with 2 special creations from F√∫kudon! \nOur favourite local dishes with a twist, the Chilli Crab Salmon Don & Salted Egg Chicken Karaage! ü•≥\n\nüå∂Chili Crab Salmon Don ü¶Ä\nA Singapore dish we all know and love, a mixture of our homemade rempah and our seafood stock. \nNot forgetting the balance between tomato ketchup and chilli sauce, this is definitely a classic flavour that you don‚Äôt want to miss! Did we mention that real crab meat is also used in this dish? \nPaired with a refreshing salad, giving it an extra crunch to the donburi!\n\nü•öSalted Egg Chicken Karaageüçó\n\nWe use locally sourced Salted Egg to dress our home-made Chicken Karaage, paired with the creaminess of the milk and a hint of spice from the chilli padi, a match made in heaven! We are sure it will leave you craving for more after the first bite!\n\nAvailable exclusively at our Punggol outlet only. \nLimited portions daily from 27th January (Thursday) onwards, so come on down to 660A Edgedale Plains to get it before it‚Äôs gone! üî•\n\nFor pre-orders, you may contact us via Whatsapp at 87878755/ 96350148!üìû",Fukudon | Donburi Specialist,,,,17,26/1/2022,26/1/2022 13:37
53,https://instagram.fsin5-1.fna.fbcdn.net/v/t51.2885-15/e35/p1080x1080/272337313_1300019107145425_6244402829073466481_n.jpg?_nc_ht=instagram.fsin5-1.fna.fbcdn.net&_nc_cat=101&_nc_ohc=mtIFeGOnZLwAX9yejZ0&edm=AAuNW_gBAAAA&ccb=7-4&oh=00_AT8vrOW4v937emZnqX_gQ4kWKoZ-YMCftd_1BveVFDSA4w&oe=620D48F7&_nc_sid=498da5,"üßßIntroducing to you our Roaring Combo this Lunar New Year! üêØ\n\nThe Roaring Combo consists of 1 Chili Crab Salmon Don & 1 Salted Egg Chicken Karaage for only $18!! ü¶Äü•öüçóü§§\n\n2 popular dishes loved by all Singaporeans. A mouth-watering combination of sweet, sour from the homemade chili crab sauce and the creaminess from the salted egg chicken karaage. Every bite guarantees an explosion of deliciousness. üòã\n\nIf you would like it as an ala carte, our chili crab salmon don and salted egg chicken karaage are going for $13.50 & $6.50 respectively. ü§©\n\nAvailable exclusively only at our Punggol outlet! \nStarting from the 27th Jan to the 13th Feb, with limited portions daily, come grab it while you can! üòâ\n\nüìûFor any pre-orders, please contact us at 87878755/ 96350148 via Whatsapp now!",Fukudon | Donburi Specialist,,,,47,23/1/2022,23/1/2022 16:01
52,https://instagram.fsin5-1.fna.fbcdn.net/v/t51.2885-15/e35/272335413_140704221728214_3294410096687871338_n.jpg?_nc_ht=instagram.fsin5-1.fna.fbcdn.net&_nc_cat=106&_nc_ohc=8YaAquKVKywAX9tando&edm=AAuNW_gBAAAA&ccb=7-4&oh=00_AT91XZq_5PshCaIhLlSJDaXGzjsJXaWrPy1AvL2cOIE8Yw&oe=620D1820&_nc_sid=498da5,"In Celebration of Lunar New Year 2022, kindly take note of our closure dates during this period for both our outlets. üêØ\n\nWe will be taking a break during this festive period to recharge and serve you even better when we return! üßß\n\nMeanwhile, stay tuned for our upcoming special Lunar New Year menu! üòâ",Fukudon | Donburi Specialist,Fukudon,fukudon,,16,22/1/2022,22/1/2022 15:32
51,https://instagram.fsin5-1.fna.fbcdn.net/v/t51.2885-15/e15/272094283_305358084862397_5622464848424510427_n.jpg?_nc_ht=instagram.fsin5-1.fna.fbcdn.net&_nc_cat=105&_nc_ohc=l56qDdheeJMAX_a9RiG&edm=AAuNW_gBAAAA&ccb=7-4&oh=00_AT9XT3yNmzEe6GvK31jAqI15klFCY_DVLy2XaOUEvzeGgw&oe=620D4259&_nc_sid=498da5,"Take a look at our Shoyu Glazed Salmon Don, a signature in both our Marine Parade and Punggol outlets!\n\nAt fukudon, we only use Norwegian salmons, that are of the highest quality. Norwegian salmons have a distinct flavour as well as packed with nutrients! Our salmons are cooked in our seasoned flour before it is tossed into our shoyu sauce, where its cooked to perfection!\n\nOur sauce is a mixture of mirin and shoyu (Japanese Soy Sauce), a perfect mix of Sweet and Savoury while exhibiting a hint of saltiness. Accompanied with an onsen egg and our in house tomato salad, incorporating a mixture of locally grown tomatoes, with Japanese cucumbers, onions and orange, topped off with roasted sesame dressing and furikake. A combination worth trying!\n\nCome on down to any of our locations to give our Shoyu Glazed Salmon Don a try! We hope to see you guys soon!",Fukudon | Donburi Specialist,Fukudon,fukudon,,25,18/1/2022,18/1/2022 15:11
50,https://instagram.fsin5-1.fna.fbcdn.net/v/t51.2885-15/e15/271777794_144104488035738_3629590055849366423_n.jpg?_nc_ht=instagram.fsin5-1.fna.fbcdn.net&_nc_cat=106&_nc_ohc=OhUg8NofEq4AX8UDXR0&edm=AAuNW_gBAAAA&ccb=7-4&oh=00_AT-NdpubjIHJGYT4BfalE04DlbeFnoNH-HAmUfpbNPuRjA&oe=620DCE1C&_nc_sid=498da5,"""A unique take on our classic Chicken Karaage, the Crunchy Chilli Chicken Karaage! Expertly marinated with Chinese chilli oil to give the Karaage a hint of Spice and Sourness. A perfect side to our Dons! üå∂üå∂üå∂\n\nTo ensure that our Karaages still maintain its juicy inside and crunchy outside, all Chilli Karaages will be made upon order. So don't worry, we ensure that it is the good ol' karaage we are all familiar with! ü§§ü§§ü§§\n\nOur Chilli Chicken Karaage is only available at our Punggol Outlet. If we have an overwhelming request, we might bring it to Marine Parade. So for all our Punggol Friends, make sure to try the Crunchy Chilli Karaage! We\nhope to see you soon! ü•≥ü•≥ü•≥""}}]",Fukudon | Donburi Specialist,,,,29,14/1/2022,14/1/2022 14:26
49,https://instagram.fsin5-1.fna.fbcdn.net/v/t51.2885-15/e35/271803020_464382128430537_4288570335723304785_n.jpg?_nc_ht=instagram.fsin5-1.fna.fbcdn.net&_nc_cat=109&_nc_ohc=u5bRmywNG9YAX9p9TfD&edm=AAuNW_gBAAAA&ccb=7-4&oh=00_AT8pgSrKVZJ3y2cc9a4cATU1KTDG4FyKVcOQBovbZGWxzw&oe=620C5667&_nc_sid=498da5,"""Simple but mouth-watering is the perfect way to describe our homemade Chicken Karaage! Juicy yet crunchy, our karaage retains its crispiness while not losing the natural juiciness of the chicken thigh. ü§§ü§§ü§§\n\nA staple in any Japanese meal, we have put our own twist to this very homely dish by accompanying it with our very own curry sauce. Our curry sauce is packed with flavours and scents from the ingredients that are sourced locally! ü•≥üå∂ü•≥\n\nOur Chicken Karaage is available at both our Marine Parade and Punggol Outlets! Don't miss out the karaage\nwhen you visit our stores! We hope to see you soon! üòÅüòÅüòÅ""}}]",Fukudon | Donburi Specialist,Fukudon,fukudon,,23,12/1/2022,12/1/2022 16:52
48,https://instagram.fsin5-1.fna.fbcdn.net/v/t51.2885-15/e35/p1080x1080/271286292_705438020410931_5411025325762499510_n.jpg?_nc_ht=instagram.fsin5-1.fna.fbcdn.net&_nc_cat=111&_nc_ohc=zbJLXW1rEM4AX8LySoO&edm=AAuNW_gBAAAA&ccb=7-4&oh=00_AT9L2Zf6V6_ZV0TXtPfKRIl31yq66i5QyMWxgspFPPr6rQ&oe=620D7497&_nc_sid=498da5,Stay Home and Makan! ü§§\n\nFeast with your family and friends in the comfort of your own home and let us do the job of delivering. üì¶\n\nEnjoy your F√∫kudon favourites from our Punggol outlet by simply dropping us a message via WhatsApp at 9635 0148 / 8787 8755. üìû\n\n#Fukudonsg \n#Stayhome \n#Hawkerculture,Fukudon | Donburi Specialist,,,#Fukudonsg #Stayhome #Hawkerculture,50,5/1/2022,5/1/2022 15:49
47,https://instagram.fsin5-1.fna.fbcdn.net/v/t51.2885-15/e35/271379199_983929102196269_5584166243784308946_n.jpg?_nc_ht=instagram.fsin5-1.fna.fbcdn.net&_nc_cat=101&_nc_ohc=lamuD6vNUXsAX-ba_IC&edm=AAuNW_gBAAAA&ccb=7-4&oh=00_AT-f8G6dwiuQkEscqr7Ge3GiCvWRl5CtRz9jHVYra0EG5w&oe=620875E3&_nc_sid=498da5,Wondering how to get to our Punggol outlet by driving?\n\nHere is a short video on how to find your way after parking your car! \n\nHope to see you there! üòâ,Fukudon | Donburi Specialist,,,,16,4/1/2022,4/1/2022 16:16
46,https://instagram.fsin5-1.fna.fbcdn.net/v/t51.2885-15/e35/271108558_952337562345430_6760745485760741268_n.jpg?_nc_ht=instagram.fsin5-1.fna.fbcdn.net&_nc_cat=110&_nc_ohc=VTHxaiQ-UTIAX9ANVG_&edm=AAuNW_gBAAAA&ccb=7-4&oh=00_AT9TCAEVgLq2XB9318qCUVypaGAqcGE-8MEncuf4UalXKw&oe=620C2541&_nc_sid=498da5,"We would like to thank each and everyone of you for your never ending support throughout the year of 2021. We hope to continue providing tasty donburis at an affordable price for all!\n\nFrom all of us at F√∫kudon, we wish you a Happy New Year & cheers to a fantastic 2022 ahead! ü•≥üôåüèª",Fukudon | Donburi Specialist,,,,21,31/12/2021,31/12/2021 18:57
45,https://instagram.fsin5-1.fna.fbcdn.net/v/t51.2885-15/e35/270262286_1310899792711776_6916363270514290206_n.jpg?_nc_ht=instagram.fsin5-1.fna.fbcdn.net&_nc_cat=100&_nc_ohc=JuDXAa9UJcIAX8o5byT&edm=APU89FABAAAA&ccb=7-4&oh=00_AT-DVhOwO_lzlTYdQSrVUmAbK8laiY8Jw6NhKevWpchAVg&oe=62089F19&_nc_sid=86f79a,"""Wondering how to get to our Punggol outlet by public transport?\n\nHere is a short video with directions on how to get to 660A Edgedale Plains from the nearest LRT station - Kadaloor! üöÉ\nIf you are intending to take bus, there is Bus 386 from Punggol Interchange that would bring you there too! üöå\n\nCome on down and we'll see you there! üòâ""}}]",Fukudon | Donburi Specialist,,,,24,29/12/2021,29/12/2021 16:58
44,https://instagram.fsin5-1.fna.fbcdn.net/v/t51.2885-15/e35/270114865_600782397873095_5696386306473702783_n.jpg?_nc_ht=instagram.fsin5-1.fna.fbcdn.net&_nc_cat=111&_nc_ohc=z2XJKu41x5sAX8Rm_Rk&edm=APU89FABAAAA&ccb=7-4&oh=00_AT8QlX4_WAzMJuFmCkQ_k_QZkk7ayB3fh6ouivEsDvRuGA&oe=620C397E&_nc_sid=86f79a,"Aburi Miso Salmon Don w/ Pickled Cucumber, Caramelised Onion & Onsen Egg // $8.20\n\nWe bring to you our new BlackBoard dish, Miso Salmon Aburi Don. \n\nA special blend of homemade Miso sauce. By using yellow miso from Japan, the soybean enhances and elevates the Salmon to a whole new different level. You will get to discover the depth of the soybean paste with the perfectly cooked salmon. \n\nThe richness of the miso paste is balanced with our accompanying sides, the sweet caramelised onion, and our homemade pickled cucumber!\n\nSo come on down and give this special creation a try, a unique dish curated by our chefs in F√∫kudon! \nExclusively available at our Marine Parade location!",Fukudon | Donburi Specialist,Fukudon,fukudon,,34,26/12/2021,26/12/2021 16:16
43,https://instagram.fsin5-1.fna.fbcdn.net/v/t51.2885-15/e35/269813952_115471874320456_4173253212729346262_n.jpg?_nc_ht=instagram.fsin5-1.fna.fbcdn.net&_nc_cat=104&_nc_ohc=gx45HXVw3u4AX_EPdOM&edm=APU89FABAAAA&ccb=7-4&oh=00_AT8WbAD-aO6a9mWldpDTzi50Uahd7LAmGU981p9LmT9W7A&oe=620C8489&_nc_sid=86f79a,"""From all of us at Fukudon, we wish everyone a Merry Christmas and a Happy New Year. ü•≥üéÑüéâ\n\nWe would like to take this time to thank everyone who has been a part of our journey thus far! ‚ù§Ô∏èüî•‚ù§Ô∏è\n\nWe hope you guys will continue supporting us in the coming year and we can't wait for more people to try our dons! üéâüéâüéâ\n\nOnce again, thank you so much and we hope to serve you better with more dons in the coming year!""}}]",Fukudon | Donburi Specialist,Fukudon,fukudon,,11,24/12/2021,24/12/2021 18:40
42,https://instagram.fsin5-1.fna.fbcdn.net/v/t51.2885-15/e35/269768364_473363230789704_3773983909466830712_n.jpg?_nc_ht=instagram.fsin5-1.fna.fbcdn.net&_nc_cat=100&_nc_ohc=4Vq7-H61Q3AAX-ryxso&edm=APU89FABAAAA&ccb=7-4&oh=00_AT-pvS4TuchsafVXyQcWmZDZ9CJKAZe-U2hYY93469BAgQ&oe=620D22A7&_nc_sid=86f79a,"""Merry Christmas and Happy New Year to everyone! This will be our updated opening hours for the holiday season! Do note on Christmas and New year's we will be closed for the day! Whilst on the eve's we will be operating for half a day! üéÑüéÖüéâ\n\nAs draw this year to a close, we hope everyone has a wonderful holiday and a happy new year from all of us at Fukudon! ü•≥üéÑ""}}]",Fukudon | Donburi Specialist,Fukudon,fukudon,,10,21/12/2021,21/12/2021 16:53
41,https://instagram.fsin5-1.fna.fbcdn.net/v/t51.2885-15/e35/269593538_952312199023872_4706307400313312457_n.jpg?_nc_ht=instagram.fsin5-1.fna.fbcdn.net&_nc_cat=100&_nc_ohc=RlUeM-5BChIAX_5rAp8&edm=APU89FABAAAA&ccb=7-4&oh=00_AT9z7At7QaeIWVMmjciXH-cn68zMR3M0wWXJVKZdbFnYdA&oe=620CC951&_nc_sid=86f79a,"Merry Christmas and Happy Holidays to all from F√∫kudon! \nAs a way of welcoming in the festive season this year, we will be having a special promotion just for you! \n\nFrom 23rd December dinner to 24th December lunch, grab 1+1 donburi for $12 nett at our Marine Parade outlet and $13 nett at our Punggol outlets. \n\nTo enjoy this promotion: \n1. Follow @fukudonsg on either Instagram or Facebook\n2. Like & share this post\n3. Show it to our staff before purchasing\n\nJust as simple as that, so wait no more and head on down to our stores to enjoy this promo! \nShare the joy with our bowls of happiness! üéÑüéÅüéÖüèª",Fukudon | Donburi Specialist,,,,35,20/12/2021,20/12/2021 16:10
40,https://instagram.fsin5-1.fna.fbcdn.net/v/t51.2885-15/e35/266876976_608171660503106_3027992708095615556_n.jpg?_nc_ht=instagram.fsin5-1.fna.fbcdn.net&_nc_cat=102&_nc_ohc=eh-aqOAstbkAX-JiNa_&edm=APU89FABAAAA&ccb=7-4&oh=00_AT9qGkgnLAL9_KiDSiqe4vw3QtOFjWD0ZP9xMrVDhUqmJA&oe=620D95A0&_nc_sid=86f79a,"""We are proud to announce F√∫kudon's grand opening of our new outlet!\nJoin us to celebrate and enjoy your favourite bowl of donburi with us!\n\nOperating hours will be from Tuesday to Sunday, 11.30 am to 8 pm (or until sold out). So, do come down earlier to avoid any disappointment!\n\nSee you all at Blk 660A Edgedale Plains #02-01 (S) 821660!""}}]",Fukudon | Donburi Specialist,,,,26,15/12/2021,15/12/2021 8:12
39,https://instagram.fsin5-1.fna.fbcdn.net/v/t51.2885-15/e35/266018052_324962415879844_8979185540870889327_n.jpg?_nc_ht=instagram.fsin5-1.fna.fbcdn.net&_nc_cat=104&_nc_ohc=e78HeyRxr3MAX_C_a1U&edm=APU89FABAAAA&ccb=7-4&oh=00_AT-cF9r1q8rU6o6bWvmb11DBF1yBIVR6sCh5wWXFGl2sAg&oe=620C8EAA&_nc_sid=86f79a,"We have heard you! \nA popular blackboard menu item at our flagship outlet is here to stay at our new Punggol outlet!\n\nThe Wagyu Onigiri Don, a great infusion of quality and homeliness will be on the menu permanently at Punggol! \n\nOur wagyu is cooked to the perfect doneness, so to not lose its flavour and tenderness. Accompanied by our soy marinated soft boiled egg and our home-made pickled cucumber as a palate cleanser. We are sure it will leave you craving for more!\n\nCome down to our new outlet on the 13th December to give our Wagyu Onigiri Don a try!",Fukudon | Donburi Specialist,Fukudon,fukudon,,42,9/12/2021,9/12/2021 16:38
38,https://instagram.fsin5-1.fna.fbcdn.net/v/t51.2885-15/e35/265056910_333541054886442_360983764195755268_n.jpg?_nc_ht=instagram.fsin5-1.fna.fbcdn.net&_nc_cat=106&_nc_ohc=Rpx5x85GY6AAX-XAVsj&edm=APU89FABAAAA&ccb=7-4&oh=00_AT8MaBU3hJazt6ExFGzC_Suu6zK8mi6f-8ApEgnFGcISOQ&oe=620CFA7C&_nc_sid=86f79a,"Finally, the news you‚Äôve all been waiting for. We are proud to announce the opening of our 2nd location at Blk 660A Edgedale Plains #02-01. The store is still under construction, but we will be ready by 13th of December for a soft launch to serve you guys! \n\nStay tuned to take a sneak peek on our new menu at the Punggol outlet!",Fukudon | Donburi Specialist,Fukudon,fukudon,,63,9/12/2021,9/12/2021 16:37
37,https://instagram.fsin5-1.fna.fbcdn.net/v/t51.2885-15/e35/264625527_445442080323493_3030940514249936027_n.jpg?_nc_ht=instagram.fsin5-1.fna.fbcdn.net&_nc_cat=101&_nc_ohc=ndffdUcCxdUAX-4gpXl&edm=APU89FABAAAA&ccb=7-4&oh=00_AT_7B7FOKNyIoiTuNxSYb6-lgNAxlFhkb53uTA4GiAFeUQ&oe=620C41B3&_nc_sid=86f79a,"A fan favourite, our Chicken Oyakodon is the perfect combination of sweet and savoury. \n\nThis dish is the best introduction to donburis. \nSoft fluffy eggs atop a layer of rice, served with soft onions & not forgetting the star of the show - Breaded Chicken Breast! \n\nWe cannot wait for you guys to come down to our stores to try our Chicken Oyakodon!",Fukudon | Donburi Specialist,Fukudon,fukudon,,29,9/12/2021,9/12/2021 16:37
36,,Something special is in the works for F√∫kudon! \n\nWe can‚Äôt wait to share this exciting news with you! Stay tune for more updates üòé,,,,,17,5/12/2021,5/12/2021 18:06
35,,Something special is in the works for F√∫kudon! \n\nWe can‚Äôt wait to share this exciting news with you! Stay tune for more updates üòé,,,,,23,5/12/2021,5/12/2021 18:06
34,https://instagram.fsin5-1.fna.fbcdn.net/v/t51.2885-15/e35/264420181_490422702313653_8557202750344934600_n.jpg?_nc_ht=instagram.fsin5-1.fna.fbcdn.net&_nc_cat=109&_nc_ohc=lk2K67lbHyMAX_WuDX9&edm=APU89FABAAAA&ccb=7-4&oh=00_AT_HGNBR_oURfMSGnAu8_1YTkYUoZkuR-rz-iK__C_buFA&oe=620D2B0C&_nc_sid=86f79a,Something special is in the works for F√∫kudon! \n\nWe can‚Äôt wait to share this exciting news with you! Stay tune for more updates üòé,Fukudon | Donburi Specialist,,,,21,5/12/2021,5/12/2021 18:06
33,https://instagram.fsin5-1.fna.fbcdn.net/v/t51.2885-15/e35/s1080x1080/258822540_322322719333071_8880868016361476951_n.jpg?_nc_ht=instagram.fsin5-1.fna.fbcdn.net&_nc_cat=103&_nc_ohc=r_XwGBYsFI8AX90DNyF&edm=APU89FABAAAA&ccb=7-4&oh=00_AT8iAh-jkHNiwKxkY__nbM9inRptrasKcQpMGGI9VUpDmg&oe=620DE5E9&_nc_sid=86f79a,"Satay Pork Collar Onigiri, Homemade Achar and Onsen Egg. Beautifully garnished with strings of Golden Egg Floss. [$8.60]\n\nIn this week‚Äôs blackboard, we bring to you satay on rice. Combining a locally familiar Singapore dish into our donburi. Balanced with a homemade achar made with the freshest vegetable and fruits from our very own 84 Marine Parade Market. \n\nDefinitely a bowl worth trying! \nSo come down to Fukudon now to get it before it is gone! üòã‚úåüèª",Fukudon | Donburi Specialist,Fukudon,fukudon,,40,19/11/2021,19/11/2021 14:17
32,https://instagram.fsin5-1.fna.fbcdn.net/v/t51.2885-15/e35/s1080x1080/245646615_1476293212748857_7335603319016094643_n.jpg?_nc_ht=instagram.fsin5-1.fna.fbcdn.net&_nc_cat=101&_nc_ohc=H633P4mzAxEAX-koTML&edm=APU89FABAAAA&ccb=7-4&oh=00_AT8T3WkLs6ASn0whN7FZrZ7pTo8fmn6KHNasE7EYPgYXew&oe=620D515C&_nc_sid=86f79a,"Our Blackboards are back by popular demands! üôåüèª\n\n// Aburi Tiger Prawn & Salmon \nserved w/ Asian Garlic Puree, Onsen Egg & Pickled Cucumber // $14.50 \n\nTiger prawns & Salmon seared to perfection, topped with an Asian Garlic Pur√©e sauce. A balance between spiciness and tanginess. A rich yet refreshing taste like you‚Äôve never had before. Served alongside a creamy onsen egg and pickled cucumber making you want more every bite. \n\nLimited portions daily from Tuesday (19th Oct) onwards, so come grab them while you can!! üç§\n\n#Fukudonsg\n#Hawkerculture \n#Donburibowls \n#Foodie",Fukudon | Donburi Specialist,Fukudon,fukudon,,53,17/10/2021,17/10/2021 12:13
31,https://instagram.fsin5-1.fna.fbcdn.net/v/t51.2885-15/e35/s1080x1080/239137558_525822748534105_7695336194436907372_n.jpg?_nc_ht=instagram.fsin5-1.fna.fbcdn.net&_nc_cat=101&_nc_ohc=QPNQ9l1HDV4AX-N3gd4&edm=APU89FABAAAA&ccb=7-4&oh=00_AT_y16dXHsFiTFL4efRw81AtGC0eAPVTcJmTJ4DQPiVkqg&oe=620C8B86&_nc_sid=86f79a,"Introducing to you our newest BLACKBOARD menu item:\n\n// Wagyu Don with Soy Soft Egg & Pickled Cucumber [$11.90] //\n\nMarinated Wagyu Oyster Blade sourced from local Huber‚Äôs Butchery, cooked to perfect doneness. Served with a soy-marinated soft boiled egg and a side of crunchy pickled cucumber as a palate cleanser. Makes you yearn for more and more after each mouth. \n\nLimited portions everyday, so come grab it while you can!\n\n#Fukudonsg\n#Hawkerculture \n#DonburiBowls \n#Foodie",Fukudon | Donburi Specialist,Marine Parade Food Centre,marine-parade-food-centre,,87,20/8/2021,20/8/2021 13:46
30,https://instagram.fsin5-1.fna.fbcdn.net/v/t51.2885-15/e35/s1080x1080/217408921_269248048336147_783717125611531373_n.jpg?_nc_ht=instagram.fsin5-1.fna.fbcdn.net&_nc_cat=107&_nc_ohc=Z2f1skRggw4AX9TH26S&edm=APU89FABAAAA&ccb=7-4&oh=00_AT8FTeM1izCRfOr5Ebs09b-JS2EpSh3BjtUh_YPddjAHIg&oe=620DAC50&_nc_sid=86f79a,"""It's always a delightful moment when neighboring vendors come to eat at our stall! Da Jie from the Noodle Shop tried our Chicken Don Buri today and expressed great enjoyment from the burst of flavors! She is from mainland China so trying F√∫kudon‚Äôs dish as a new cuisine is something exciting for her and we are proud to be a part of her foodie journey! \n\n#Fukudonsg\n#Donburi \n#Hawkerculture\n#foodiesg""}}]",Fukudon | Donburi Specialist,,,,93,14/7/2021,14/7/2021 16:53
29,https://instagram.fsin5-1.fna.fbcdn.net/v/t51.2885-15/e35/p1080x1080/211977285_143050647913632_1843467119297291873_n.jpg?_nc_ht=instagram.fsin5-1.fna.fbcdn.net&_nc_cat=100&_nc_ohc=_spvcKlRAUYAX-oEtFC&edm=APU89FABAAAA&ccb=7-4&oh=00_AT9j9f-rzwhxyc2MnhpSylDcjAGfuHDTCP8O5iBY5YQndQ&oe=620CE247&_nc_sid=86f79a,"‚ÄúDuring my secondary school days, my friends and I would Q up during recess to buy our favorite Donburi bowls. We squeezed a load of Mayonnaise on top of our meals, making it even more sinful and scrumptious. I had always yearned to create my own version of Donburi bowls with that same warm and hearty feel. Being able to bring my memories to life through F√∫kudon is not only nostalgic but a great joy knowing everyone else can feel the same.‚Äù Chef Remus \n\n#Fukudonsg\n#DonburiBowls \n#Foodie \n#Hawkerculture\n#Singaporefood",Fukudon | Donburi Specialist,Fukudon,fukudon,#Fukudonsg #DonburiBowls #Foodie #Hawkerculture #Singaporefood,193,8/7/2021,8/7/2021 15:57
28,https://instagram.fsin5-1.fna.fbcdn.net/v/t51.2885-15/e35/210841907_231873535442893_3852563274143763647_n.jpg?_nc_ht=instagram.fsin5-1.fna.fbcdn.net&_nc_cat=101&_nc_ohc=buEXckoQ23YAX-C4FCW&edm=APU89FABAAAA&ccb=7-4&oh=00_AT9PPCf5rY2Ob2jYMLVqnrJKTSYKMlripkmiFlVU73NohQ&oe=620DE0E1&_nc_sid=86f79a,"F√∫kudon is looking to expand our team- Drop us a DM or WhatsApp at +65 9635 0148 and let‚Äôs cook up a storm! The two roles include attractive salaries, incentives program and an open, fun working environment. \n\n#Fukudonsg \n#JobsSg\n#Singaporejobs",Fukudon | Donburi Specialist,,,#Fukudonsg #JobsSg #Singaporejobs,21,5/7/2021,5/7/2021 19:59
27,https://instagram.fsin5-1.fna.fbcdn.net/v/t51.2885-15/e35/s1080x1080/205356630_135251132012438_2127754081299368593_n.jpg?_nc_ht=instagram.fsin5-1.fna.fbcdn.net&_nc_cat=102&_nc_ohc=rUYhMbcMvJIAX-u0UE6&edm=APU89FABAAAA&ccb=7-4&oh=00_AT_T1ZNpQT33l9BFJz5WWSmuzYve5twBG8r67LfiI-fiRQ&oe=620C5D0F&_nc_sid=86f79a,"The Santoku Knives used by Chef Remus since the beginning of his career were gifted by his lovely wife! He uses it to fillet fishes, butcher meats, and chop vegetables as its sharp steel blade gives a smooth cut each time. Chef Remus finds that the Santoku knives are perfect for chopping as their handles are designed for comfortable wrist action for tougher ingredients. F√∫kudon is a hawker stall that values how our food tastes but also how it feels! We take pride in doing so through our dedication to sharpen our Santoku Knives for 1 hour each time, alongside the oil and care so that our tools can deliver the best bites to your table!\n\n#Fukudonsg\n#Santoku\n#Foodies\n#Hawkerculture",Fukudon | Donburi Specialist,,,#Fukudonsg #Santoku #Foodies #Hawkerculture,33,24/6/2021,24/6/2021 17:42
26,https://instagram.fsin5-1.fna.fbcdn.net/v/t51.2885-15/e35/201194898_485040359434303_6898308691492864617_n.jpg?_nc_ht=instagram.fsin5-1.fna.fbcdn.net&_nc_cat=107&_nc_ohc=9nvQ2u1wZYYAX95fAAy&edm=APU89FABAAAA&ccb=7-4&oh=00_AT80fUY2A_6SmrmqoCzERmFXcDqtqrACaj1VtQlja5Vl1Q&oe=620D294F&_nc_sid=86f79a,"Mirin in the ring, throwing in that Unami punch! \n\nThe Ingredient Series features the products we choose to emphasize meanings to its benefits, sourcing and flavor components behind them. \n\nMirin is the 1/3 of our special blend sauce that is a cooking rice wine adding mild sweetness, shine, and fragrant aroma to our dishes! We specifically use Hon Mirin, the real stuff that is fermented glutinous rice with Shochu a distilled alcohol, and cultured with koji. The result makes it sweet without added sugar or corn syrup. Hon Mirin is such an ingredient that speaks for itself through the harmony of flavors creating an Unami sensation that every one of our customers should enjoy! Look out for that richness and subtle tang making it a shiok F√∫kudon bite each time. \n\n#Fukudonsg \n#HonMirin \n#Foodies \n#Hawkerculture",Fukudon | Donburi Specialist,Fukudon,fukudon,#Fukudonsg #HonMirin #Foodies #Hawkerculture,26,16/6/2021,16/6/2021 13:48
25,https://instagram.fsin5-1.fna.fbcdn.net/v/t51.2885-15/e35/p1080x1080/197562761_914310102634548_5617320674562847605_n.jpg?_nc_ht=instagram.fsin5-1.fna.fbcdn.net&_nc_cat=100&_nc_ohc=10KjctbF3LgAX9xXnHU&edm=APU89FABAAAA&ccb=7-4&oh=00_AT_j63H3Kyuqq9gFJOxGF3joTObj2sOlJ5bMN3215ffm6Q&oe=620CC2D2&_nc_sid=86f79a,Enjoy your favourite F√∫kudon signatures in your PJ‚Äôs! We offer scrumptious takeaway or delivery from 12pm-7pm (Tues to Sun) Yum! \n\n#Fukudonsg \n#Comfortfood\n#Stayhomeandmakan,Fukudon | Donburi Specialist,Fukudon,fukudon,#Fukudonsg #Comfortfood #Stayhomeandmakan,37,9/6/2021,9/6/2021 14:37
24,https://instagram.fsin5-1.fna.fbcdn.net/v/t51.2885-15/e35/190930852_535532914492823_3146093886201924572_n.jpg?_nc_ht=instagram.fsin5-1.fna.fbcdn.net&_nc_cat=111&_nc_ohc=wn-1KMqmaxQAX_98rYa&edm=APU89FABAAAA&ccb=7-4&oh=00_AT9EZwlegIGP6oc6ry2Vh_vEZiF5DiJt4V3P_p1s4C71hw&oe=620D889D&_nc_sid=86f79a,Happy Vesak Day from the F√∫kudon Team. We hope everyone is taking care and eating well! \n\n#Fukudon \n#Vesakday \n#Stayhomeandmakan,Fukudon | Donburi Specialist,Fukudon,fukudon,#Fukudon #Vesakday #Stayhomeandmakan,22,26/5/2021,26/5/2021 12:30
23,https://instagram.fsin5-1.fna.fbcdn.net/v/t51.2885-15/e35/183953290_235928751638564_4422628133406599993_n.jpg?_nc_ht=instagram.fsin5-1.fna.fbcdn.net&_nc_cat=108&_nc_ohc=ZeVAUIRHS6QAX_L40Vb&edm=APU89FABAAAA&ccb=7-4&oh=00_AT-FMClDx9ey6uamP-HtU6qlK5bckKshhh9Nn4pSZ-iZOg&oe=620CDAD0&_nc_sid=86f79a,"This week we highlight your grandma‚Äôs classic- Soy Sauce!\n\nThe Ingredient Series features the products we choose to emphasize meanings to its benefits, sourcing and flavour components behind them. Yes, we are a passionate bunch on every single detail. \n\nOur special blend comprises of Mirin, Soy Sauce and Sake. Sounds simple, though, getting the right ratio down and cooking reduction levels plays a major role on how our sauciness enhances how our dishes blend together. Soy sauce gives a dark rich salty bean flavour that compliments the mirin and sake to harmonise depth in our dishes. We specifically chose @yamasausa as it isn‚Äôt too salty allowing the flavourful beans to speak for itself. A very straight forward taste that imparts umami that accentuates the natural flavours of our selected meats. Some say soy sauce also has antioxidants that help reduce inflammation and improves overall digestion! \n\n#Fukudonsg \n#Soysauce \n#Foodies \n#Hawkerculture",Fukudon | Donburi Specialist,Fukudon,fukudon,#Fukudonsg #Soysauce #Foodies #Hawkerculture,34,11/5/2021,11/5/2021 18:50
22,https://instagram.fsin5-1.fna.fbcdn.net/v/t51.2885-15/e35/s1080x1080/184800112_210987330596248_4502423810518780853_n.jpg?_nc_ht=instagram.fsin5-1.fna.fbcdn.net&_nc_cat=104&_nc_ohc=ZmwgPlcTrnAAX9AfgN-&edm=APU89FABAAAA&ccb=7-4&oh=00_AT9YNpGt1zU1yo3gnLaT-_RzJqtZq2Bk8YzwH4rb4SySCw&oe=620C751E&_nc_sid=86f79a,"""*SideDish Giveaway*\n\nThis Hari Raya we want to commerate the essence of family by highlighting side dishes as a way to celebrate the festivity! Not only is it warm to share with your loved ones, side dishes make a well rounded meal by enhancing flavours to create contrast and taste. \n\nF√∫kudon would like to extend our gratitude by serving complimentary side dishes during our dinner services (6-8pm) paired with any order for one week! You may choose between: \n\n- Homemade chunky yet creamy potato salad made fresh daily. \n- Thunder Crunchy Battered Fries served w/ homemade curry sauce, crispy on the outside, soft on the inside. \n- Special In-house marinated Chicken Karaage fried to perfection served w/ our homemade curry sauce.\n\nSimply follow our page and like this post to redeem, 1 complimentary side dish per social account and order.\n\nHere's to a Happy Hari Raya! \n\n#Fukudonsg\n#HariRaya\n#Foodies \n#Hawkerculture""",Fukudon | Donburi Specialist,Fukudon,fukudon,#Fukudonsg #HariRaya #Foodies #Hawkerculture,69,10/5/2021,10/5/2021 11:50
21,https://instagram.fsin5-1.fna.fbcdn.net/v/t51.2885-15/e35/147904165_429526828368279_3324554077330534196_n.jpg?_nc_ht=instagram.fsin5-1.fna.fbcdn.net&_nc_cat=103&_nc_ohc=Jjtazp7fWbQAX_Aj3jP&edm=APU89FABAAAA&ccb=7-4&oh=00_AT_QeNbg6SA3eWq2QKA6LsNVmU8lCrU23vmbNuRQuoWUrQ&oe=62086906&_nc_sid=86f79a,"In Celebration of Chinese New Year, we would like to inform that F√∫kudon‚Äôs operating hours are as follows: \n\n11th Feb - 11.30am to 2pm\n12th Feb - Closed \n13th Feb - Closed \n14th Feb - Closed \n15th Feb - Closed \n16th Feb - Operations Resume (12pm - 3pm, 5pm - Sold Out) \n\nOn behalf of Fukudon‚Äôs Team, we would like to wish everyone Happy Chinese New Year! May the year bring you happiness, good health & good fortune! ONG AH üçä‚ú®",Fukudon | Donburi Specialist,Fukudon,fukudon,,21,10/2/2021,10/2/2021 17:49
20,https://instagram.fsin5-1.fna.fbcdn.net/v/t51.2885-15/e35/146227169_118933910071279_8570591996847811155_n.jpg?_nc_ht=instagram.fsin5-1.fna.fbcdn.net&_nc_cat=107&_nc_ohc=NpZv1G8gz4YAX-aUQiQ&edm=APU89FABAAAA&ccb=7-4&oh=00_AT-DQE8AaALRgal-ECU_fJasXmsD5I05aFdvXHul1TTxrA&oe=620DF168&_nc_sid=86f79a,"üí®Chase Monday Blues away by having a bowl of FuÃÅkudon with us üòå We will opening tomorrow from 12-3pm & 5pm till Sold Out! \n\nSo, come down early to avoid any disappointment! See you at 84 Marine Parade Hawker Centre tomorrow ‚ú®",Fukudon | Donburi Specialist,Fukudon,fukudon,,14,7/2/2021,7/2/2021 19:11
19,https://instagram.fsin5-1.fna.fbcdn.net/v/t51.2885-15/e35/146308927_1114397062314993_2768812976155214124_n.jpg?_nc_ht=instagram.fsin5-1.fna.fbcdn.net&_nc_cat=109&_nc_ohc=NHzVyH3qgMIAX_eERBE&edm=APU89FABAAAA&ccb=7-4&oh=00_AT8zJMOsNlf8WJVOF3WPQV2GiVDt4RaTzRcb9n1AN2xvYQ&oe=620D3BBE&_nc_sid=86f79a,"Want to have 8 people over for a small gathering but don‚Äôt feel like cooking? üòé\n\nCome get a üßßF√öKU PROSPERITY PLATTER now from us! The other 2 dishes on the platter are: \n\n3. Satay Pork Collar \n‚ÄúSatay Off the sticks‚Äù as we would call them. Traditionally Marinated pork fills you up with Singapore flavours during this festivity period.\n\n4. Lao Gan Ma Chicken Karaage \nAn interesting combination between crispy chili flakes and Sesame sauce gives it a glossy look but an unforgettable taste. \n \n& what is a gathering without some side dishes, so we have included them for you in the platter to have a wholesome meal together with your friend and family ü§ó \n\n5. Tomato Salad with Longan Strips \n6. Potato Salad with Crunchy Crab Sticks \n\nso, wait no more & order with us now @ +65 93829948. HENG AH üçä‚ú®",Fukudon | Donburi Specialist,,,,14,7/2/2021,7/2/2021 15:24
18,https://instagram.fsin5-1.fna.fbcdn.net/v/t51.2885-15/e35/144023509_2372425262903645_6676341511155771611_n.jpg?_nc_ht=instagram.fsin5-1.fna.fbcdn.net&_nc_cat=105&_nc_ohc=bDuEGYyzWW8AX9jCt1d&edm=APU89FABAAAA&ccb=7-4&oh=00_AT8MAl4YDW1uD89SGpK8QUY6mradoq-cTzRfOIZx4yhH4w&oe=620C212D&_nc_sid=86f79a,"Still haven‚Äôt decided what to have for reunion dinner this coming lunar new year? ü§î\n\nHere we present to you our üßßF√öKU PROSPERITY PLATTER. In the platter, it consists of 4 main dishes: \n\n1. Pork Belly Lupchong Aburi \nSweet and Salty goodness from the Chinese Wine Sausage paired with crunchy Pork Belly will give you a unique and festive touch to the table.\n\n2. Salted Egg Chicken Karaage \nSimple yet the authentic and familiar taste of Salted Egg will make you just crave for more and more. \n\nTo get your hands on this sharing platter, contact us now at +65 93829947 to order now! \nHUAT AH üçä‚ú®",Fukudon | Donburi Specialist,Fukudon,fukudon,,40,29/1/2021,29/1/2021 11:58
17,https://instagram.fsin5-1.fna.fbcdn.net/v/t51.2885-15/e35/s1080x1080/142153222_469067327420459_2122169726542164598_n.jpg?_nc_ht=instagram.fsin5-1.fna.fbcdn.net&_nc_cat=111&_nc_ohc=RiAbUcHbClkAX9NMh9p&edm=APU89FABAAAA&ccb=7-4&oh=00_AT837hufQZ2yTiyMnEBDawpFCpkCNy_wdUkR68gAjNODrQ&oe=620C1D24&_nc_sid=86f79a,"üßßüêÆLUNAR NEW YEAR \nF√öKU PROSPERITY PLATTER\n\nUsher in blessings, good fortune and prosperity by ordering our platter to share with your loved ones this lunar new year! \n\nWe have brought in new & unique flavours in this platter, making sure it will be a delightful addition to your reunion dinner! \n\nLUNAR NEW YEAR \nF√öKU PROSPERITY PLATTER \nConsists of: \n\n1.Pork Belly Lupchong Aburi\n2.Salted Egg Chicken Karaage \n3.Satay Pork Collar \n4. Lao Gan Ma Chicken Karaage \n5. Tomato Salad with Longan Strips \n6. Potato Salad with Crunchy Crab Sticks\n\nFor 3-4pax, it is priced at $48 \n& for 5-6 pax, it is priced at $68 \n\nThis platter is available for self collection,  exclusively on the 11th Feb (CNY Eve) & 16th Feb to 21st Feb. \n\nTo get your hands on our prosperity platter, please leave a message/whatsapp us at (+65) 93829948 üòâ",Fukudon | Donburi Specialist,Marine Parade Hawker Centre Blk 84,marine-parade-hawker-centre-blk-84,,24,26/1/2021,26/1/2021 11:28
16,https://instagram.fsin5-1.fna.fbcdn.net/v/t51.2885-15/e35/140561584_1835686186582146_8134967874423546564_n.jpg?_nc_ht=instagram.fsin5-1.fna.fbcdn.net&_nc_cat=106&_nc_ohc=Z7gJK3mKdA0AX95HGvj&edm=APU89FABAAAA&ccb=7-4&oh=00_AT98Iqkn9JwdNYhowMKTBVieg892jPdK13a3EuOfXkGKSQ&oe=620D7D7A&_nc_sid=86f79a,"We‚Äôre very honoured to be featured on @mothershipsg today!! Thankyou Tanya from mothership for this amazing article!\n\nWe would like to also thank our customers for all your continuous support!\nSo, if you haven‚Äôt tried F√∫kudon yet, don wait anymore! Come on down to our stall to try them out now üòâ",Fukudon | Donburi Specialist,,,,80,22/1/2021,22/1/2021 8:35
15,https://instagram.fsin5-1.fna.fbcdn.net/v/t51.2885-15/e35/p1080x1080/131977195_525438461747124_7409383385871072559_n.jpg?_nc_ht=instagram.fsin5-1.fna.fbcdn.net&_nc_cat=100&_nc_ohc=7YUkE9EMoTQAX-_UcsR&edm=APU89FABAAAA&ccb=7-4&oh=00_AT_Yvt-ra7GFoxI4Ydn4rrnHzUFhheqwhucPGZIowy7w0A&oe=620CFEA7&_nc_sid=86f79a,"üéÑüéÖüèº Christmas is just around the corner! Come celebrate this festive season with Fukudon‚Äôs Christmas Sharing Platter! \n\nThe Platter consists of 5 Dishes:\n\nKatsu Pork Belly\nBeaded Chicken Breast \nHomemade Potato Salad \nLao Gan Ma Style Karaage \nBlistered Cherry Tomato with Iceberg Lettuce \nThunder Crunchy Fries \n\n& 2 Sauces: \n\nFukudon‚Äôs Thai Chili Sauce \nFukudon‚Äôs Garlic Aioli \n \nThe Platters are priced at $48 for 2-4 pax and $58 for 5-7pax. \n\nTo pre order now, please contact 93829948 or 96456128. We are limiting it to only 24th and 25th December, so wait no more before the platters run out!",Fukudon | Donburi Specialist,Singapore,singapore,,63,19/12/2020,19/12/2020 18:36
14,https://instagram.fsin5-1.fna.fbcdn.net/v/t51.2885-15/e35/p1080x1080/125871826_117831019986058_927482973480532038_n.jpg?_nc_ht=instagram.fsin5-1.fna.fbcdn.net&_nc_cat=110&_nc_ohc=nTzvrqCkhNEAX-zTF10&edm=APU89FABAAAA&ccb=7-4&oh=00_AT8yOjuAA-lyDTA70ZSMFb0sykSudL4k3j-tpGh_YDz9lQ&oe=620CF7A8&_nc_sid=86f79a,"CHICKEN BREAST OYAKODON [$5.80]\n\nIf I were to ask you: Chicken Thigh or Chicken Breast, which would you choose? Many of us would definitely choose Thigh because they are fattier, making it juicier compared to other parts. Chicken Breast is often neglected because they are stereotyped as dry and flavourless. \n\nBut fret not, here at F√∫kudon, you will get a piece of the wholesome, tender and juicy chicken breast!  Served with soft onions, fluffy eggs and a special broth. The pan of delicious combination will then be laid gently on a bed of fluffy Japanese rice. It is definitely a comfort dish to have, any time of the day! üòå",Fukudon | Donburi Specialist,Marine Parade Food Centre,marine-parade-food-centre,,81,20/11/2020,20/11/2020 18:24
13,https://instagram.fsin5-1.fna.fbcdn.net/v/t51.2885-15/e35/124152583_804842556964728_4008994078575487618_n.jpg?_nc_ht=instagram.fsin5-1.fna.fbcdn.net&_nc_cat=100&_nc_ohc=c2jvS8GzllYAX_ijxDQ&edm=APU89FABAAAA&ccb=7-4&oh=00_AT_2Ulbv6p_8LvDfMVtlDSxdbrvNy5DHTJORFyJ0sHoVWQ&oe=6208C456&_nc_sid=86f79a,Just another day at Fukudon.. üòã,Fukudon | Donburi Specialist,Marine Parade Food Centre,marine-parade-food-centre,,84,11/10/2020,11/11/2020 18:16
12,https://instagram.fsin5-1.fna.fbcdn.net/v/t51.2885-15/e35/p1080x1080/123255521_863975301022875_3951427451657194844_n.jpg?_nc_ht=instagram.fsin5-1.fna.fbcdn.net&_nc_cat=103&_nc_ohc=iAOXKY1tNIMAX_rRfIb&edm=APU89FABAAAA&ccb=7-4&oh=00_AT8vM0_Osc2dusOgbZMc8HsTyvpGrOxfULpzMD2mkSYbog&oe=620CBFC9&_nc_sid=86f79a,"SUKIYAKI BEEF SHORT PLATE DON WITH ONSEN EGG [$6.90]\n\nYet another signature dish on our menu! Inspired by one of Chef Remus‚Äôs favourite dining experience - Hot Pot, he often sees people overcooking their meat that they missed out the best parts. Hence, he came up with a simple, healthy yet flavourful dish that will make you crave for more with every bite. Perfectly cooked beef slices paired with a soft onsen egg, its milky egg white and creamy egg yolk gives u a mouthgasm every bite you take. Garnished with spring onions and served with japanese pepper.",Fukudon | Donburi Specialist,Marine Parade Food Centre,marine-parade-food-centre,,70,3/11/2020,3/11/2020 18:11
11,https://instagram.fsin5-1.fna.fbcdn.net/v/t51.2885-15/e35/s1080x1080/122983033_648474975841725_1995721676176821135_n.jpg?_nc_ht=instagram.fsin5-1.fna.fbcdn.net&_nc_cat=109&_nc_ohc=LZEuKWOw538AX_VPbq-&edm=APU89FABAAAA&ccb=7-4&oh=00_AT8srHiz8J4VCOzF3ulRGB86v_oxhNuJSPj-0LpumgoZuA&oe=620DD734&_nc_sid=86f79a,"""We're featured on @sethluicious! Thank you @bunny2302 for the beautiful write up! üôèüèª The link to her article is now on our profile. Do check it out and have a nice day, y'all! üòä""}}]",Fukudon | Donburi Specialist,Marine Parade Food Centre,marine-parade-food-centre,,40,30/10/2020,30/10/2020 14:50
10,https://instagram.fsin5-1.fna.fbcdn.net/v/t51.2885-15/e35/p1080x1080/122707095_199137035014760_2775390801410008763_n.jpg?_nc_ht=instagram.fsin5-1.fna.fbcdn.net&_nc_cat=108&_nc_ohc=_pK84_Wt5LYAX-2Tqet&edm=APU89FABAAAA&ccb=7-4&oh=00_AT_wb3_tu5bnuiPkOvGCQakiSpjqS27AByQK1vbD5uxYaA&oe=620C87A1&_nc_sid=86f79a,"Pork Belly Katsu Don [$6.60]\n\nA signature donburi on our menu! \nThick, crispy and juicy slices of pork katsu simmered together with eggs and onions, a special sauce which is then gently laid over a bowl of steamed Japanese rice. \n\nWith the right amount of fattiness from the meat and a bowl of hot and fluffy steamed rice, it is a simple, delicious and utterly comforting dish. Caters to both young and old. üòã \n\nCome down and grab yours now!",Fukudon | Donburi Specialist,Marine Parade Food Centre,marine-parade-food-centre,,60,27/10/2020,27/10/2020 16:10
9,https://instagram.fsin5-1.fna.fbcdn.net/v/t51.2885-15/e35/p1080x1080/122085009_2734817376730085_6619672852116715376_n.jpg?_nc_ht=instagram.fsin5-1.fna.fbcdn.net&_nc_cat=105&_nc_ohc=4k6g8I9MuskAX_EkMvE&edm=APU89FABAAAA&ccb=7-4&oh=00_AT-gnwXij1SPKNYZTieZTJUWu_GxNiXiUNXInczFjiWw3A&oe=620C6F23&_nc_sid=86f79a,"""We're deeply humbled to have great support from friends and families on our first day of opening. We sold out in less than 4 hours, much to our surprise! Thank you all üôåüèª""}}]",Fukudon | Donburi Specialist,Marine Parade Hawker Centre Blk 84,marine-parade-hawker-centre-blk-84,,117,22/10/2020,22/10/2020 20:39
8,https://instagram.fsin5-1.fna.fbcdn.net/v/t51.2885-15/e35/p1080x1080/121664007_808484473279047_3256617207467263738_n.jpg?_nc_ht=instagram.fsin5-1.fna.fbcdn.net&_nc_cat=103&_nc_ohc=BjXi692ayfwAX-1ZsSD&edm=APU89FABAAAA&ccb=7-4&oh=00_AT-Jm1GQ6HQOAnF8PJgHEbI09-7WdwozLt9xckDnkkou7w&oe=620C135D&_nc_sid=86f79a,"""(2/2)\nHarmony \nHarmony defines as the quality of forming a pleasant and consistent whole. After elaborating on all 5 factors, it all boils down to this. Whether an ingredient works very well on its own but when put together in a bowl is the most challenging part of developing the menu. It is impossible to please everyone albeit Chef Remus believes that one can be always true to one‚Äôs cooking, which is exactly why he has chosen to take this path since young. \n\n‚ÄúAt the end of the day, as long as my customers put a smile on their faces, thanking me for the food I have served, I'm forever grateful for the opportunity to serve them. This is how I create Harmony in my food.‚Äù - Chef Remus\n\nLet us share with you our bowl of happiness üòå‚ô•Ô∏è""}}]",Fukudon | Donburi Specialist,Singapore,singapore,,61,19/10/2020,19/10/2020 0:27
7,https://instagram.fsin5-1.fna.fbcdn.net/v/t51.2885-15/e35/p1080x1080/122027811_1766240093542196_8098175386091912381_n.jpg?_nc_ht=instagram.fsin5-1.fna.fbcdn.net&_nc_cat=108&_nc_ohc=GsBxAe1rrkIAX-BGPSa&edm=APU89FABAAAA&ccb=7-4&oh=00_AT9Ju8kXCgiQ4T1oM5ENuzH3y8QZCmGMEtQvHD37o_pysg&oe=620D2233&_nc_sid=86f79a,"As we draw closer to the opening of FuÃÅkudon, let us review with Chef Remus the last 2 factors evaluated in developing the menu for you: Flavour & Harmony. \n\n(1/2) Flavour \nFlavour is an incredibly complex topic. It has a unique way of touching our hearts. It could be from a particular experience or reminiscing smells of one‚Äôs childhood. Flavour brings about the warmth and memories. Therefore, Chef Remus always strive to find the balance to extract the most eventful flavour when you take a mouthful from our rice bowls @fukudonsg üçö",Fukudon | Donburi Specialist,Singapore,singapore,,48,18/10/2020,18/10/2020 18:56
6,,"üî•5 more days to go\n\nF√∫kudon will be opening on the 20th October 2020.\n\nSee you at 84 Marine Parade Food Centre, #01-48 ü§©",,,,,43,15/10/2020,15/10/2020 18:42
5,https://instagram.fsin5-1.fna.fbcdn.net/v/t51.2885-15/e35/p1080x1080/121271849_348303719833191_5429296484556595893_n.jpg?_nc_ht=instagram.fsin5-1.fna.fbcdn.net&_nc_cat=103&_nc_ohc=V3wlzYRyk3gAX8p3Ydx&edm=APU89FABAAAA&ccb=7-4&oh=00_AT-3oNKVE3TQS1YYfP7CeLbQkyAg5Kq3OXoFHwytocnd-Q&oe=620C31AE&_nc_sid=86f79a,"Directions to F√öKUDON\n\nBlk 84 Marine Parade Food Centre\nUnit Number #01-48\n\nBuses (Opp Parkway Parade): 15, 31, 36, 43, 43e, 48, 134, 135, 135A, 196, 196e, 197, 853M, 966",Fukudon | Donburi Specialist,Marine Parade Food Centre,marine-parade-food-centre,,36,13/10/2020,13/10/2020 18:32
4,https://instagram.fsin5-1.fna.fbcdn.net/v/t51.2885-15/e35/p1080x1080/121422390_354764675835942_8263591110045006414_n.jpg?_nc_ht=instagram.fsin5-1.fna.fbcdn.net&_nc_cat=106&_nc_ohc=yCSs1jC4RfwAX_itD2e&edm=APU89FABAAAA&ccb=7-4&oh=00_AT-VU9_lnB4MTaN4t85cLatKSbr1zxoV3x0vVsE7tniugQ&oe=620CF99F&_nc_sid=86f79a,Renovation from the previous workspace has just started. We are so excited to see the transformation of this space!,Fukudon | Donburi Specialist,Marine Parade Food Centre,marine-parade-food-centre,,55,11/10/2020,11/10/2020 17:55
3,https://instagram.fsin5-1.fna.fbcdn.net/v/t51.2885-15/e35/p1080x1080/121068858_1040126246417830_6142615549283723557_n.jpg?_nc_ht=instagram.fsin5-1.fna.fbcdn.net&_nc_cat=110&_nc_ohc=F22uVGUN3X0AX-An30r&edm=APU89FABAAAA&ccb=7-4&oh=00_AT9wqG9bktFkryvEJz1GXrsWftUTTDV1SwH3kyU9wQ56rQ&oe=620D276B&_nc_sid=86f79a,"This post focuses on two key factors in creating your food: Colour and Aroma.\n\nAs the common saying goes, ‚ÄúWe eat with our eyes first‚Äù.\nColours of food always leave us a visual memory because they are the first thing we experience. Chef Remus diligently selects each colour component of the dish to ensure that they work harmoniously together to create a memorable impression.\n\nThe aroma reaches our noses before the food touches our mouths. Our sense of smell helps us to unravel the food before tasting it. Using his expertise and past knowledge, Chef Remus chooses only the freshest ingredients for his bowls at F√∫kudon.\n\nStay tuned as we cover the last two key factors for F√∫kudon‚Äôs menu in our next post: Harmony and Flavour.",Fukudon | Donburi Specialist,Marine Parade Hawker Centre Blk 84,marine-parade-hawker-centre-blk-84,,60,9/10/2020,9/10/2020 18:34
2,https://instagram.fsin5-1.fna.fbcdn.net/v/t51.2885-15/e35/120948372_355921529089414_6691054313418015562_n.jpg?_nc_ht=instagram.fsin5-1.fna.fbcdn.net&_nc_cat=110&_nc_ohc=t1RliYeFIfsAX80r3E4&edm=APU89FABAAAA&ccb=7-4&oh=00_AT-kPU-sESo8xx33MTkBnqHVeU3dXWohGhjp-gdsz4Ao0A&oe=620855EF&_nc_sid=86f79a,"In our next few posts, we will be exploring how Chef Remus creates and develops his own recipes for the stall‚Äôs menu. The 5 key aspects studied during this process are Texture, Color, Flavour, Smell and Harmony.\n\nTo begin, let‚Äôs talk about Texture. \n\nTexture plays a big role when you take your first bite into our food. You will feel complementary components of texture like crunchy, soft, hard, smooth, chewy, etc. Thus, the texture factor is being well-considered while crafting the dons and side dishes.\n\nFollow us now to uncover the other four essential factors involved in crafting our bowls for you. :)",Fukudon | Donburi Specialist,Marine Parade Central Food Centre,marine-parade-central-food-centre,,49,8/10/2020,8/10/2020 21:04
1,https://instagram.fsin5-1.fna.fbcdn.net/v/t51.2885-15/e35/s1080x1080/120652076_201691958025808_6744342519841685423_n.jpg?_nc_ht=instagram.fsin5-1.fna.fbcdn.net&_nc_cat=104&_nc_ohc=EdvSOQzY0BMAX_6D10d&edm=APU89FABAAAA&ccb=7-4&oh=00_AT8sVHK_EJYGkLIufIfVIPHceLWuNV-c-VL9UU1jEq1lBg&oe=620D5D91&_nc_sid=86f79a,"Inspired by the quote ‚ÄúHome is where the heart is‚Äù. Our Chef-Owner, @remussyl yearned to create hearty meals that will make people happy, blessed and feel at home. \n\nAre you excited to experience these meticulously curated bowls by Chef Remus? ‚ò∫Ô∏è",Fukudon | Donburi Specialist,Marine Parade Hawker Centre Blk 84,marine-parade-hawker-centre-blk-84,,65,5/10/2020,5/10/2020 19:01
0,https://instagram.fsin5-1.fna.fbcdn.net/v/t51.2885-15/e35/p1080x1080/120419311_174936424123275_6487345404106690348_n.jpg?_nc_ht=instagram.fsin5-1.fna.fbcdn.net&_nc_cat=103&_nc_ohc=0Dq2tf6-Ka8AX9ZlQws&edm=APU89FABAAAA&ccb=7-4&oh=00_AT9_XjoFU7jAF1MZP6NjiA8Wh0S9Dfqc3NSCMO01G8tzFA&oe=620D2436&_nc_sid=86f79a,"FUÃÅKUDON  ‰∏ÄÂè£Áî∞\n\nThe right half of ""Á¶è"" (fuÃÅ) (meaning blessedness) consist of 3 characters: ‚Äú‰∏ÄÂè£Áî∞"" (yiÃÑ koÃåu tiaÃÅn), which literally means \'one mouth [and] paddy field.\' \nWith a rice paddy field to provide, one is happy and blessed. \n\nA brand new asian fusion donburi specialist coming to the East of Singapore by End Oct 2020\n\nLogo designed by @canlaken",Fukudon | Donburi Specialist,Marine Parade Food Centre,marine-parade-food-centre,,43,2/10/2020,2/10/2020 18:49
